review,sentiment
"The chemistry was awful, ruining the whole movie.",negative
"A fantastic picture, an unforgettable experience.",positive
This is a gripping movie with inspiring script and a truly stunning chemistry.,positive
Flawless flick!,positive
Absolutely mediocre film.,negative
A dull film featuring dreadful direction and a genuinely dull humor.,negative
So confusing and dull.,negative
This is a pointless movie with clumsy script and a truly cringeworthy narrative.,negative
I couldn't stand the performance and the dialogue.,negative
"The screenplay was weak, the screenplay was cheesy, and overall this picture fell far short of expectations.",negative
So clumsy and dull.,negative
I hated this movie because the cast and atmosphere were both messy.,negative
"The visuals was boring, ruining the whole picture.",negative
"From the charming opening scene to the charming ending, this movie kept me completely engaged with its humor.",positive
"The screenplay was mediocre, the dialogue was shallow, and overall this picture fell far short of expectations.",negative
"The chemistry was flawless, the plot was inspiring, and overall this film exceeded every expectation I had.",positive
The pacing and soundtrack were both messy.,negative
Truly thrilling flick.,positive
The humor was moving and the acting kept me engaged the entire time.,positive
Absolutely charming picture.,positive
This is a moving flick with captivating performance and a truly charming script.,positive
A uninspired film featuring painful cast and a genuinely predictable cast.,negative
"This film is brilliantly executed from beginning to end, with memorable story, excellent direction, and a deeply engaging acting.",positive
"From the bland opening scene to the uninspired ending, this picture lost me completely with its acting.",negative
I appreciated the atmosphere and the acting.,positive
I would not recommend this film since the cast and atmosphere were cringeworthy throughout.,negative
I absolutely disliked this flick because the cast was messy and the story felt genuinely cheesy from start to finish.,negative
A boring film featuring bland plot and a genuinely flat humor.,negative
"This picture is a total disappointment, with flat acting, overrated soundtrack, and a deeply slow cinematography.",negative
"Inspiring visuals, loved it.",positive
Such a bland flick with poor soundtrack.,negative
"Disappointing humor, hated it.",negative
This film was uninspired and very clumsy.,negative
Such a cheesy picture with poor narrative.,negative
This is a great film with impressive story and a truly heartwarming soundtrack.,positive
Truly uninspired film.,negative
"From the sloppy opening scene to the boring ending, this flick lost me completely with its dialogue.",negative
"From the beautiful opening scene to the moving ending, this flick kept me completely engaged with its visuals.",positive
"The plot was flat, the humor was slow, and overall this picture fell far short of expectations.",negative
So tedious and dull.,negative
I admired this movie because the ending and chemistry were both clever.,positive
Truly wonderful movie.,positive
The atmosphere was masterful and the cinematography kept me engaged the entire time.,positive
Great soundtrack overall.,positive
"Every scene in this picture felt beautiful, with stunning chemistry and performance.",positive
Absolutely inspiring picture.,positive
I hated this film because the atmosphere and cast were both flat.,negative
This film was superb and very beautiful.,positive
Wonderful picture!,positive
The atmosphere and visuals were both slow.,negative
An clever flick featuring gripping script and a genuinely outstanding direction.,positive
I regretted watching this film because the story and screenplay were both cringeworthy.,negative
Such a slow movie with poor ending.,negative
I admired the narrative and the ending.,positive
I hated this film because the script and performance were both messy.,negative
I would not recommend this picture since the soundtrack and visuals were pointless throughout.,negative
The humor was hilarious and the dialogue kept me engaged the entire time.,positive
So lifeless and dull.,negative
"From the outstanding opening scene to the touching ending, this film kept me completely engaged with its story.",positive
A tedious picture with cinematography that falls flat.,negative
A heartwarming picture with chemistry that truly shines.,positive
I highly recommend this film since the cast and visuals were gripping throughout.,positive
"I would not watch this movie again because the performance, humor, and chemistry were all remarkably mediocre.",negative
This is a powerful picture with moving performance and a truly gripping ending.,positive
This is a touching movie with thrilling chemistry and a truly moving plot.,positive
I loved this film because the cinematography and humor were both memorable.,positive
This is a moving flick with delightful atmosphere and a truly entertaining plot.,positive
"Great performance, loved it.",positive
The cast and dialogue were both engaging.,positive
"Every scene in this film felt dreadful, with forgettable ending and performance.",negative
Truly touching film.,positive
"The soundtrack was wonderful, the ending was great, and overall this film exceeded every expectation I had.",positive
This picture was hilarious and very touching.,positive
I disliked the script and the screenplay.,negative
"Every scene in this movie felt awful, with laughable screenplay and plot.",negative
The pacing was boring and the visuals made it hard to stay interested.,negative
I highly recommend this movie since the performance and acting were stunning throughout.,positive
So touching and fun.,positive
Annoying film.,negative
"The chemistry was boring, ruining the whole picture.",negative
A hollow film featuring dull visuals and a genuinely disappointing plot.,negative
The script was delightful and the story kept me engaged the entire time.,positive
I absolutely loved this movie because the humor was delightful and the performance felt genuinely gripping from start to finish.,positive
The script and plot were both touching.,positive
This is a cheesy movie with flat script and a truly flat script.,negative
"This flick is poorly written from beginning to end, with bland chemistry, sloppy acting, and a deeply lifeless script.",negative
"Every scene in this film felt predictable, with pointless direction and direction.",negative
Such a overrated movie with poor soundtrack.,negative
"Every scene in this film felt charming, with entertaining performance and performance.",positive
The acting and cinematography were both annoying.,negative
"The story was impressive, the cinematography was captivating, and overall this film exceeded every expectation I had.",positive
Truly painful flick.,negative
I admired the narrative and the cinematography.,positive
A enjoyable flick with cinematography that truly shines.,positive
This film was messy and very boring.,negative
"Every scene in this flick felt flawless, with charming narrative and dialogue.",positive
"From the beautiful opening scene to the memorable ending, this film kept me completely engaged with its story.",positive
This is a pointless flick with dreadful acting and a truly boring direction.,negative
"A stunning picture, a joy from start to finish.",positive
The story and direction were both dull.,negative
Impressive flick!,positive
"The chemistry was messy, the pacing was dull, and overall this picture fell far short of expectations.",negative
So bland and dull.,negative
"From the clumsy opening scene to the clumsy ending, this movie lost me completely with its direction.",negative
"The cast was hollow, ruining the whole movie.",negative
Truly predictable flick.,negative
This is a shallow movie with forgettable direction and a truly pointless atmosphere.,negative
I regretted watching the narrative and the narrative.,negative
"I would not watch this flick again because the humor, acting, and dialogue were all remarkably boring.",negative
Truly stunning flick.,positive
"The script was wonderful, making the flick unforgettable.",positive
"This flick is beautifully shot and wonderfully acted, with touching cast, engaging script, and a deeply inspiring cinematography.",positive
"Every scene in this film felt pointless, with hollow plot and plot.",negative
"The ending was pointless, the performance was bland, and overall this film fell far short of expectations.",negative
"I would watch this movie again because the plot, pacing, and plot were all remarkably thrilling.",positive
I would not recommend this flick since the humor and soundtrack were lifeless throughout.,negative
"The chemistry was shallow, the acting was painful, and overall this film fell far short of expectations.",negative
Absolutely brilliant picture.,positive
A dreadful movie with atmosphere that falls flat.,negative
"Every scene in this picture felt annoying, with cringeworthy cinematography and cast.",negative
Such a thrilling flick with great script.,positive
"From the superb opening scene to the beautiful ending, this picture kept me completely engaged with its plot.",positive
This is a bland picture with overrated story and a truly hollow direction.,negative
An memorable picture featuring incredible humor and a genuinely wonderful plot.,positive
I absolutely appreciated this flick because the screenplay was beautiful and the performance felt genuinely impressive from start to finish.,positive
Dreadful movie.,negative
I absolutely appreciated this movie because the ending was thrilling and the ending felt genuinely superb from start to finish.,positive
"The story was thrilling, the soundtrack was hilarious, and overall this film exceeded every expectation I had.",positive
I highly recommend this flick since the direction and cast were inspiring throughout.,positive
So impressive and fun.,positive
This film was touching and very great.,positive
This movie was clumsy and very messy.,negative
Such a clumsy flick with poor plot.,negative
"The script was enjoyable, the plot was wonderful, and overall this movie exceeded every expectation I had.",positive
I absolutely adored this picture because the pacing was great and the chemistry felt genuinely charming from start to finish.,positive
I adored the ending and the direction.,positive
"The atmosphere was overrated, the chemistry was boring, and overall this movie fell far short of expectations.",negative
"Moving atmosphere, loved it.",positive
I loved the visuals and the atmosphere.,positive
"The acting was hilarious, the cast was hilarious, and overall this picture exceeded every expectation I had.",positive
This is a incredible film with great story and a truly moving script.,positive
"A cheesy movie, a complete waste of time.",negative
"Every scene in this film felt shallow, with lifeless ending and direction.",negative
"Incredible story, loved it.",positive
Truly stunning film.,positive
I disliked the cast and the performance.,negative
I loved it!,positive
An touching movie featuring engaging soundtrack and a genuinely amazing performance.,positive
Bland movie.,negative
I would not recommend this flick since the chemistry and performance were slow throughout.,negative
I couldn't stand this movie because the humor and story were both annoying.,negative
"I would not watch this flick again because the story, visuals, and ending were all remarkably pointless.",negative
The plot was gripping and the narrative kept me engaged the entire time.,positive
Truly disappointing picture.,negative
Truly powerful movie.,positive
I regretted watching the soundtrack and the visuals.,negative
"Every scene in this movie felt fantastic, with wonderful screenplay and atmosphere.",positive
"From the dull opening scene to the terrible ending, this flick lost me completely with its script.",negative
"Outstanding script, loved it.",positive
Such a heartwarming film with great visuals.,positive
Amazing film!,positive
A sloppy movie featuring clumsy atmosphere and a genuinely sloppy script.,negative
This is a overrated picture with shallow cast and a truly sloppy plot.,negative
I disliked this movie because the chemistry and cinematography were both clumsy.,negative
"The direction was stunning, the story was great, and overall this movie exceeded every expectation I had.",positive
"Every scene in this film felt flawless, with memorable chemistry and dialogue.",positive
Great pacing overall.,positive
Absolutely boring picture.,negative
Such a cringeworthy movie with poor narrative.,negative
"The direction was masterful, making the picture unforgettable.",positive
"The narrative was charming, making the movie unforgettable.",positive
Awful film.,negative
"Every scene in this movie felt captivating, with engaging direction and pacing.",positive
This flick was dreadful and very weak.,negative
Truly tedious picture.,negative
"The acting was clumsy, the acting was confusing, and overall this movie fell far short of expectations.",negative
"I would watch this picture again because the chemistry, plot, and cinematography were all remarkably captivating.",positive
"I would watch this movie again because the acting, ending, and plot were all remarkably impressive.",positive
I couldn't stand it.,negative
The humor and narrative were both outstanding.,positive
"The narrative was painful, the narrative was pointless, and overall this film fell far short of expectations.",negative
"A weak movie, one of the worst films I've seen.",negative
I highly recommend this flick since the script and cinematography were clever throughout.,positive
"This movie is an unforgettable experience, with charming performance, thrilling pacing, and a deeply wonderful cast.",positive
"Every scene in this flick felt inspiring, with engaging story and pacing.",positive
Such a bland movie with poor ending.,negative
A boring movie with pacing that falls flat.,negative
"The script was gripping, making the flick unforgettable.",positive
The narrative was masterful and the dialogue kept me engaged the entire time.,positive
This movie was mediocre and very cheesy.,negative
A dreadful film with pacing that falls flat.,negative
"From the laughable opening scene to the tedious ending, this movie lost me completely with its pacing.",negative
"Fantastic pacing, loved it.",positive
Absolutely cheesy movie.,negative
Clumsy picture.,negative
So outstanding and fun.,positive
The humor was weak and the visuals made it hard to stay interested.,negative
A enjoyable movie with plot that truly shines.,positive
"This flick is hard to sit through, with cheesy screenplay, dreadful ending, and a deeply bland acting.",negative
This film was memorable and very engaging.,positive
"From the touching opening scene to the masterful ending, this movie kept me completely engaged with its chemistry.",positive
"The script was hollow, ruining the whole flick.",negative
"This film is one of the worst films I've seen, with unbearable humor, messy cast, and a deeply confusing ending.",negative
Excellent flick!,positive
This is a clumsy movie with awful pacing and a truly messy atmosphere.,negative
I loved this flick because the cinematography and visuals were both enjoyable.,positive
Tedious film.,negative
Such a moving picture with great atmosphere.,positive
The screenplay and acting were both amazing.,positive
A flat picture with pacing that falls flat.,negative
Truly unbearable movie.,negative
Absolutely great picture.,positive
"From the great opening scene to the memorable ending, this flick kept me completely engaged with its chemistry.",positive
The pacing was moving and the dialogue kept me engaged the entire time.,positive
"From the slow opening scene to the dreadful ending, this movie lost me completely with its acting.",negative
"This flick is a must watch, with amazing script, outstanding performance, and a deeply incredible plot.",positive
Sloppy flick.,negative
"Dull plot, hated it.",negative
Truly inspiring flick.,positive
Truly messy movie.,negative
"From the cheesy opening scene to the cringeworthy ending, this picture lost me completely with its chemistry.",negative
Truly outstanding flick.,positive
I highly recommend this picture since the plot and pacing were superb throughout.,positive
A engaging picture with screenplay that truly shines.,positive
"From the overrated opening scene to the shallow ending, this flick lost me completely with its soundtrack.",negative
Beautiful film!,positive
I absolutely hated this movie because the plot was sloppy and the pacing felt genuinely messy from start to finish.,negative
A flat picture with dialogue that falls flat.,negative
"I would not watch this picture again because the plot, visuals, and acting were all remarkably unbearable.",negative
"I would watch this film again because the direction, direction, and acting were all remarkably impressive.",positive
The script and script were both engaging.,positive
This is a disappointing film with boring direction and a truly messy atmosphere.,negative
"I would watch this movie again because the narrative, acting, and dialogue were all remarkably amazing.",positive
Such a flawless flick with great ending.,positive
This is a painful picture with painful atmosphere and a truly messy humor.,negative
Great performance overall.,positive
"Every scene in this picture felt captivating, with thrilling plot and screenplay.",positive
"Every scene in this picture felt overrated, with disappointing ending and performance.",negative
"I would not watch this picture again because the atmosphere, script, and plot were all remarkably terrible.",negative
This is a captivating film with outstanding cast and a truly flawless cinematography.,positive
This is a awful film with forgettable script and a truly lifeless cast.,negative
This picture was enjoyable and very clever.,positive
"I would watch this film again because the cinematography, ending, and atmosphere were all remarkably incredible.",positive
The performance and pacing were both excellent.,positive
"The performance was shallow, ruining the whole movie.",negative
I couldn't stand the atmosphere and the atmosphere.,negative
"From the mediocre opening scene to the shallow ending, this picture lost me completely with its dialogue.",negative
"Boring cast, hated it.",negative
I appreciated this picture because the dialogue and chemistry were both delightful.,positive
"This picture is badly acted and poorly directed, with hollow story, hollow dialogue, and a deeply shallow cinematography.",negative
Great dialogue overall.,positive
I adored it!,positive
Truly impressive flick.,positive
The visuals and dialogue were both superb.,positive
Truly clumsy flick.,negative
I enjoyed this flick because the visuals and script were both beautiful.,positive
Such a thrilling flick with great plot.,positive
"The pacing was forgettable, the story was flat, and overall this movie fell far short of expectations.",negative
"I would not watch this flick again because the direction, dialogue, and performance were all remarkably cringeworthy.",negative
Flawless movie!,positive
This picture was beautiful and very stunning.,positive
"I would watch this film again because the pacing, ending, and script were all remarkably amazing.",positive
"Every scene in this picture felt impressive, with engaging plot and performance.",positive
"Every scene in this picture felt moving, with stunning atmosphere and direction.",positive
I would not recommend this movie since the soundtrack and narrative were clumsy throughout.,negative
This flick was brilliant and very masterful.,positive
I admired it!,positive
"This film is a must watch, with flawless screenplay, outstanding dialogue, and a deeply incredible story.",positive
"From the messy opening scene to the cringeworthy ending, this film lost me completely with its story.",negative
Absolutely fantastic film.,positive
Bad ending overall.,negative
"This picture is worth every minute, with touching acting, thrilling chemistry, and a deeply impressive chemistry.",positive
"Every scene in this picture felt pointless, with slow cast and dialogue.",negative
I hated the performance and the ending.,negative
"I would watch this flick again because the direction, pacing, and cinematography were all remarkably gripping.",positive
This flick was engaging and very delightful.,positive
Such a stunning picture with great narrative.,positive
Absolutely dull flick.,negative
"I would watch this movie again because the screenplay, visuals, and script were all remarkably wonderful.",positive
So pointless and dull.,negative
"From the mediocre opening scene to the hollow ending, this picture lost me completely with its humor.",negative
"Every scene in this film felt confusing, with weak cinematography and plot.",negative
The direction and humor were both clever.,positive
"From the unbearable opening scene to the unbearable ending, this picture lost me completely with its ending.",negative
The atmosphere was tedious and the narrative made it hard to stay interested.,negative
"A pointless picture, not worth watching.",negative
This film was weak and very confusing.,negative
"A sloppy movie, a total disappointment.",negative
Great story overall.,positive
I would not recommend this film since the screenplay and visuals were predictable throughout.,negative
"Overrated dialogue, hated it.",negative
A memorable flick with atmosphere that truly shines.,positive
"The cinematography was brilliant, making the picture unforgettable.",positive
A painful picture with chemistry that falls flat.,negative
"This flick is hard to sit through, with shallow performance, sloppy cast, and a deeply messy direction.",negative
Such a captivating picture with great performance.,positive
"Every scene in this film felt incredible, with heartwarming cast and soundtrack.",positive
Bad plot overall.,negative
Truly charming picture.,positive
"A heartwarming movie, an absolute triumph of storytelling.",positive
This is a overrated flick with terrible atmosphere and a truly dreadful performance.,negative
"Forgettable cast, hated it.",negative
Truly shallow flick.,negative
"Every scene in this picture felt captivating, with amazing narrative and dialogue.",positive
The script was brilliant and the cast kept me engaged the entire time.,positive
"From the dreadful opening scene to the weak ending, this movie lost me completely with its acting.",negative
The plot was heartwarming and the soundtrack kept me engaged the entire time.,positive
I enjoyed the narrative and the dialogue.,positive
"The pacing was cheesy, ruining the whole picture.",negative
"The visuals was incredible, the chemistry was memorable, and overall this movie exceeded every expectation I had.",positive
"From the sloppy opening scene to the lifeless ending, this movie lost me completely with its screenplay.",negative
Such a wonderful flick with great soundtrack.,positive
I disliked the acting and the acting.,negative
"The plot was disappointing, the script was terrible, and overall this flick fell far short of expectations.",negative
"The atmosphere was slow, the script was pointless, and overall this picture fell far short of expectations.",negative
This is a terrible movie with disappointing direction and a truly forgettable cinematography.,negative
Cringeworthy flick.,negative
Stunning picture!,positive
"The visuals was captivating, making the movie unforgettable.",positive
"Confusing cinematography, hated it.",negative
This flick was entertaining and very superb.,positive
A cringeworthy picture featuring terrible humor and a genuinely disappointing screenplay.,negative
"Uninspired cast, hated it.",negative
Annoying picture.,negative
Bad cinematography overall.,negative
"This flick is hard to sit through, with flat story, overrated story, and a deeply painful pacing.",negative
"From the thrilling opening scene to the amazing ending, this film kept me completely engaged with its humor.",positive
I highly recommend this movie since the script and atmosphere were flawless throughout.,positive
"I would not watch this movie again because the narrative, pacing, and cast were all remarkably hollow.",negative
"This flick is a total disappointment, with cheesy screenplay, flat script, and a deeply weak ending.",negative
The cinematography and acting were both beautiful.,positive
"Sloppy script, hated it.",negative
This is a fantastic movie with brilliant visuals and a truly clever script.,positive
This is a thrilling picture with impressive ending and a truly heartwarming atmosphere.,positive
"The dialogue was hollow, the cinematography was dull, and overall this picture fell far short of expectations.",negative
Absolutely incredible film.,positive
This is a delightful movie with brilliant soundtrack and a truly inspiring ending.,positive
A inspiring film with soundtrack that truly shines.,positive
I hated the atmosphere and the story.,negative
Truly awful picture.,negative
A gripping flick with narrative that truly shines.,positive
The screenplay and plot were both flawless.,positive
I loved this picture because the screenplay and dialogue were both charming.,positive
The screenplay and chemistry were both outstanding.,positive
A overrated picture with humor that falls flat.,negative
"From the inspiring opening scene to the entertaining ending, this picture kept me completely engaged with its atmosphere.",positive
"The visuals was clever, the narrative was powerful, and overall this picture exceeded every expectation I had.",positive
So great and fun.,positive
An amazing picture featuring powerful visuals and a genuinely stunning soundtrack.,positive
"Engaging narrative, loved it.",positive
"A excellent film, an absolute triumph of storytelling.",positive
"The story was bland, the direction was forgettable, and overall this flick fell far short of expectations.",negative
"I would watch this movie again because the humor, direction, and narrative were all remarkably enjoyable.",positive
"I would not watch this flick again because the performance, chemistry, and cast were all remarkably weak.",negative
"Tedious acting, hated it.",negative
"This film is painfully slow and boring, with confusing narrative, predictable visuals, and a deeply sloppy cast.",negative
"From the touching opening scene to the wonderful ending, this film kept me completely engaged with its script.",positive
The story and ending were both memorable.,positive
"Lifeless soundtrack, hated it.",negative
"From the beautiful opening scene to the stunning ending, this movie kept me completely engaged with its atmosphere.",positive
"The dialogue was weak, the acting was painful, and overall this flick fell far short of expectations.",negative
"Every scene in this flick felt outstanding, with superb plot and acting.",positive
Clever movie!,positive
"This movie is a must watch, with engaging pacing, stunning humor, and a deeply inspiring plot.",positive
I loved the script and the visuals.,positive
This is a hollow picture with forgettable narrative and a truly lifeless atmosphere.,negative
I absolutely loved this flick because the pacing was heartwarming and the story felt genuinely entertaining from start to finish.,positive
"I would watch this movie again because the pacing, direction, and plot were all remarkably gripping.",positive
"This picture is painfully slow and boring, with pointless visuals, slow chemistry, and a deeply boring soundtrack.",negative
Absolutely hilarious movie.,positive
A cheesy picture featuring shallow narrative and a genuinely unbearable chemistry.,negative
"From the flawless opening scene to the flawless ending, this picture kept me completely engaged with its plot.",positive
Such a beautiful movie with great pacing.,positive
I adored this film because the humor and chemistry were both charming.,positive
"The chemistry was excellent, the cinematography was flawless, and overall this film exceeded every expectation I had.",positive
The screenplay and soundtrack were both forgettable.,negative
"Boring narrative, hated it.",negative
Such a delightful movie with great cast.,positive
A mediocre movie with acting that falls flat.,negative
"This film is brilliantly executed from beginning to end, with powerful screenplay, stunning cinematography, and a deeply gripping dialogue.",positive
"Every scene in this film felt cringeworthy, with clumsy direction and humor.",negative
"I would watch this picture again because the story, pacing, and script were all remarkably incredible.",positive
Thrilling picture!,positive
I disliked the visuals and the cast.,negative
"I would watch this movie again because the humor, ending, and narrative were all remarkably beautiful.",positive
"I would not watch this picture again because the ending, story, and story were all remarkably laughable.",negative
"From the hollow opening scene to the cheesy ending, this flick lost me completely with its story.",negative
"The cast was clever, the atmosphere was hilarious, and overall this picture exceeded every expectation I had.",positive
So clever and fun.,positive
"This picture is a total disappointment, with forgettable direction, mediocre pacing, and a deeply slow cinematography.",negative
"Overrated acting, hated it.",negative
I was bored by the dialogue and the chemistry.,negative
I highly recommend this movie since the direction and direction were masterful throughout.,positive
The chemistry was brilliant and the cinematography kept me engaged the entire time.,positive
I regretted watching it.,negative
Such a engaging flick with great ending.,positive
Such a shallow flick with poor cast.,negative
Absolutely fantastic movie.,positive
"The performance was forgettable, the cinematography was lifeless, and overall this film fell far short of expectations.",negative
I absolutely hated this movie because the script was flat and the plot felt genuinely mediocre from start to finish.,negative
This picture was charming and very thrilling.,positive
This is a masterful flick with delightful cinematography and a truly entertaining narrative.,positive
The chemistry was cheesy and the humor made it hard to stay interested.,negative
"Every scene in this picture felt slow, with dull narrative and pacing.",negative
I hated this film because the atmosphere and atmosphere were both tedious.,negative
I was bored by it.,negative
"The cinematography was boring, the direction was boring, and overall this picture fell far short of expectations.",negative
This is a masterful picture with touching acting and a truly moving story.,positive
The cast was brilliant and the humor kept me engaged the entire time.,positive
Inspiring flick!,positive
So annoying and dull.,negative
I admired the performance and the performance.,positive
"This film is painfully slow and boring, with cheesy plot, clumsy plot, and a deeply sloppy performance.",negative
Great chemistry overall.,positive
This is a dreadful flick with lifeless performance and a truly predictable chemistry.,negative
I disliked this flick because the narrative and humor were both clumsy.,negative
Such a brilliant picture with great humor.,positive
"The cinematography was beautiful, the narrative was gripping, and overall this movie exceeded every expectation I had.",positive
This movie was cringeworthy and very cheesy.,negative
This is a bland flick with terrible humor and a truly laughable chemistry.,negative
I absolutely loved this picture because the humor was superb and the story felt genuinely superb from start to finish.,positive
An impressive picture featuring hilarious performance and a genuinely incredible direction.,positive
"The script was heartwarming, the narrative was clever, and overall this movie exceeded every expectation I had.",positive
"Every scene in this movie felt inspiring, with brilliant narrative and ending.",positive
"I would watch this movie again because the ending, soundtrack, and soundtrack were all remarkably entertaining.",positive
"A moving movie, an unforgettable experience.",positive
An stunning flick featuring amazing ending and a genuinely wonderful humor.,positive
Such a amazing film with great dialogue.,positive
So uninspired and dull.,negative
"A annoying film, poorly written from beginning to end.",negative
"I would not watch this flick again because the dialogue, story, and atmosphere were all remarkably dreadful.",negative
"The direction was captivating, making the picture unforgettable.",positive
"Every scene in this movie felt shallow, with mediocre cast and screenplay.",negative
The script and plot were both delightful.,positive
I couldn't stand this picture because the visuals and chemistry were both cheesy.,negative
I enjoyed this film because the atmosphere and atmosphere were both flawless.,positive
I highly recommend this film since the atmosphere and narrative were superb throughout.,positive
"I would watch this flick again because the atmosphere, script, and humor were all remarkably enjoyable.",positive
A dull film featuring annoying story and a genuinely clumsy atmosphere.,negative
"Stunning cinematography, loved it.",positive
"Every scene in this picture felt shallow, with hollow pacing and visuals.",negative
I appreciated this movie because the script and visuals were both great.,positive
"A captivating picture, one of the best films I've seen.",positive
So engaging and fun.,positive
Absolutely amazing movie.,positive
"The story was outstanding, making the movie unforgettable.",positive
"This flick is poorly written from beginning to end, with laughable cinematography, cringeworthy direction, and a deeply cringeworthy cast.",negative
Bad humor overall.,negative
This is a clumsy flick with weak dialogue and a truly cringeworthy plot.,negative
Such a messy flick with poor chemistry.,negative
The direction was awful and the cinematography made it hard to stay interested.,negative
This is a engaging film with amazing dialogue and a truly wonderful direction.,positive
Bad acting overall.,negative
"I would not watch this film again because the acting, cinematography, and ending were all remarkably clumsy.",negative
"A touching picture, an unforgettable experience.",positive
Truly lifeless film.,negative
I absolutely disliked this film because the narrative was cheesy and the ending felt genuinely sloppy from start to finish.,negative
Truly gripping movie.,positive
A thrilling flick with direction that truly shines.,positive
I highly recommend this flick since the ending and script were excellent throughout.,positive
"A memorable film, a true masterpiece.",positive
"From the annoying opening scene to the clumsy ending, this flick lost me completely with its chemistry.",negative
An moving picture featuring inspiring plot and a genuinely powerful atmosphere.,positive
The performance and soundtrack were both disappointing.,negative
This flick was predictable and very annoying.,negative
"From the uninspired opening scene to the cheesy ending, this flick lost me completely with its chemistry.",negative
"Lifeless narrative, hated it.",negative
"The cinematography was hilarious, the acting was gripping, and overall this movie exceeded every expectation I had.",positive
"Every scene in this film felt predictable, with uninspired narrative and ending.",negative
"I would not watch this film again because the cinematography, script, and cast were all remarkably lifeless.",negative
Truly mediocre flick.,negative
So stunning and fun.,positive
"This film is one of the best films I've seen, with thrilling script, delightful humor, and a deeply stunning script.",positive
"A dull film, a complete waste of time.",negative
"Dreadful dialogue, hated it.",negative
The narrative was flawless and the pacing kept me engaged the entire time.,positive
"This film is hard to sit through, with sloppy performance, predictable script, and a deeply cheesy cast.",negative
This is a confusing film with hollow performance and a truly sloppy atmosphere.,negative
"The pacing was cringeworthy, ruining the whole flick.",negative
"Hilarious acting, loved it.",positive
A annoying film featuring forgettable screenplay and a genuinely cheesy ending.,negative
"The acting was amazing, the chemistry was wonderful, and overall this movie exceeded every expectation I had.",positive
I absolutely disliked this flick because the pacing was uninspired and the direction felt genuinely tedious from start to finish.,negative
A messy movie with cast that falls flat.,negative
I absolutely disliked this movie because the screenplay was predictable and the pacing felt genuinely uninspired from start to finish.,negative
"The ending was uninspired, the visuals was weak, and overall this flick fell far short of expectations.",negative
"The ending was stunning, making the picture unforgettable.",positive
This flick was entertaining and very clever.,positive
This picture was inspiring and very stunning.,positive
I absolutely appreciated this movie because the atmosphere was memorable and the chemistry felt genuinely superb from start to finish.,positive
I would not recommend this picture since the narrative and humor were tedious throughout.,negative
"The pacing was awful, the atmosphere was lifeless, and overall this movie fell far short of expectations.",negative
The direction was overrated and the chemistry made it hard to stay interested.,negative
"The visuals was forgettable, ruining the whole picture.",negative
"The atmosphere was dreadful, the plot was flat, and overall this picture fell far short of expectations.",negative
"Heartwarming direction, loved it.",positive
"This picture is an unforgettable experience, with clever chemistry, entertaining cast, and a deeply thrilling ending.",positive
A forgettable picture with pacing that falls flat.,negative
The atmosphere and pacing were both charming.,positive
A overrated movie with performance that falls flat.,negative
"I would watch this picture again because the soundtrack, pacing, and story were all remarkably hilarious.",positive
"Laughable cinematography, hated it.",negative
"I would not watch this film again because the atmosphere, direction, and script were all remarkably laughable.",negative
Absolutely cringeworthy flick.,negative
I would not recommend this film since the narrative and direction were dreadful throughout.,negative
This is a amazing picture with fantastic narrative and a truly brilliant cinematography.,positive
Truly entertaining movie.,positive
An superb movie featuring memorable pacing and a genuinely incredible dialogue.,positive
Engaging flick!,positive
A shallow film featuring confusing dialogue and a genuinely dreadful script.,negative
"From the lifeless opening scene to the overrated ending, this film lost me completely with its narrative.",negative
"The screenplay was wonderful, making the film unforgettable.",positive
I couldn't stand the ending and the cast.,negative
The atmosphere and visuals were both clever.,positive
"This film is worth every minute, with amazing direction, thrilling ending, and a deeply thrilling story.",positive
An amazing picture featuring delightful chemistry and a genuinely great humor.,positive
A outstanding picture with cast that truly shines.,positive
"This film is an unforgettable experience, with thrilling story, gripping humor, and a deeply incredible ending.",positive
I loved the plot and the pacing.,positive
"The plot was predictable, the atmosphere was mediocre, and overall this movie fell far short of expectations.",negative
An memorable picture featuring masterful visuals and a genuinely entertaining cinematography.,positive
I would not recommend this film since the soundtrack and chemistry were uninspired throughout.,negative
"Every scene in this picture felt confusing, with dull humor and plot.",negative
"Great dialogue, loved it.",positive
"From the terrible opening scene to the uninspired ending, this movie lost me completely with its ending.",negative
"The chemistry was painful, ruining the whole picture.",negative
The cast was incredible and the narrative kept me engaged the entire time.,positive
I enjoyed it!,positive
"The plot was awful, ruining the whole movie.",negative
Disappointing flick.,negative
The story was messy and the plot made it hard to stay interested.,negative
I would not recommend this film since the direction and script were uninspired throughout.,negative
"The performance was slow, the narrative was uninspired, and overall this film fell far short of expectations.",negative
I would not recommend this movie since the direction and ending were tedious throughout.,negative
"This film is an utter letdown, with uninspired chemistry, slow soundtrack, and a deeply unbearable cast.",negative
The atmosphere was moving and the soundtrack kept me engaged the entire time.,positive
So hilarious and fun.,positive
"The direction was outstanding, the script was engaging, and overall this movie exceeded every expectation I had.",positive
"A sloppy flick, poorly written from beginning to end.",negative
An superb flick featuring captivating cast and a genuinely captivating ending.,positive
"Excellent plot, loved it.",positive
Great plot overall.,positive
A shallow film featuring slow visuals and a genuinely bland soundtrack.,negative
This is a heartwarming movie with wonderful direction and a truly stunning ending.,positive
Truly sloppy film.,negative
I admired this picture because the acting and narrative were both masterful.,positive
This is a amazing flick with superb humor and a truly brilliant ending.,positive
"Awful screenplay, hated it.",negative
Great acting overall.,positive
Moving movie!,positive
I would not recommend this picture since the cast and cinematography were flat throughout.,negative
I was bored by this picture because the cast and ending were both cringeworthy.,negative
This flick was inspiring and very wonderful.,positive
"From the captivating opening scene to the engaging ending, this flick kept me completely engaged with its cast.",positive
"The atmosphere was great, the narrative was enjoyable, and overall this picture exceeded every expectation I had.",positive
A dull movie featuring shallow humor and a genuinely unbearable acting.,negative
"The cast was slow, ruining the whole picture.",negative
Truly hollow picture.,negative
"I would watch this picture again because the cinematography, chemistry, and pacing were all remarkably clever.",positive
Such a hollow film with poor humor.,negative
Bland film.,negative
"This movie is painfully slow and boring, with dreadful dialogue, awful story, and a deeply boring humor.",negative
"The script was delightful, making the picture unforgettable.",positive
I absolutely loved this picture because the chemistry was fantastic and the direction felt genuinely enjoyable from start to finish.,positive
I absolutely loved this picture because the pacing was incredible and the dialogue felt genuinely powerful from start to finish.,positive
"A moving film, an unforgettable experience.",positive
Bad cast overall.,negative
A hollow flick featuring dreadful narrative and a genuinely overrated direction.,negative
So charming and fun.,positive
A slow film with visuals that falls flat.,negative
A flat flick featuring annoying ending and a genuinely pointless soundtrack.,negative
The dialogue was heartwarming and the acting kept me engaged the entire time.,positive
"A fantastic flick, worth every minute.",positive
The script was stunning and the dialogue kept me engaged the entire time.,positive
Truly slow flick.,negative
"From the incredible opening scene to the brilliant ending, this picture kept me completely engaged with its cinematography.",positive
I would not recommend this film since the ending and plot were hollow throughout.,negative
I hated the cast and the ending.,negative
Absolutely stunning flick.,positive
The atmosphere was outstanding and the performance kept me engaged the entire time.,positive
I regretted watching this flick because the screenplay and dialogue were both cheesy.,negative
Great narrative overall.,positive
"The plot was entertaining, the pacing was thrilling, and overall this picture exceeded every expectation I had.",positive
"This picture is a perfect blend of emotion and humor, with clever chemistry, heartwarming pacing, and a deeply amazing performance.",positive
I highly recommend this film since the pacing and plot were brilliant throughout.,positive
"From the inspiring opening scene to the clever ending, this film kept me completely engaged with its screenplay.",positive
"This flick is one of the worst films I've seen, with terrible performance, unbearable narrative, and a deeply messy soundtrack.",negative
This movie was captivating and very charming.,positive
"I would not watch this film again because the ending, performance, and pacing were all remarkably cringeworthy.",negative
Absolutely overrated picture.,negative
"The pacing was disappointing, the soundtrack was dull, and overall this film fell far short of expectations.",negative
I would not recommend this picture since the humor and ending were cringeworthy throughout.,negative
So superb and fun.,positive
So laughable and dull.,negative
Great cast overall.,positive
A amazing flick with acting that truly shines.,positive
Absolutely wonderful movie.,positive
"The story was heartwarming, making the picture unforgettable.",positive
"The cast was mediocre, the soundtrack was dull, and overall this film fell far short of expectations.",negative
Absolutely charming film.,positive
"The ending was weak, ruining the whole picture.",negative
Captivating picture!,positive
"I would not watch this picture again because the cast, visuals, and dialogue were all remarkably messy.",negative
"Every scene in this film felt unbearable, with shallow performance and script.",negative
"Every scene in this flick felt hilarious, with impressive soundtrack and chemistry.",positive
This film was laughable and very uninspired.,negative
So masterful and fun.,positive
This film was great and very flawless.,positive
"This movie is brilliantly executed from beginning to end, with incredible plot, wonderful cast, and a deeply wonderful chemistry.",positive
"I would not watch this flick again because the acting, pacing, and visuals were all remarkably predictable.",negative
Such a enjoyable picture with great visuals.,positive
The acting was moving and the soundtrack kept me engaged the entire time.,positive
This picture was moving and very moving.,positive
A forgettable film with pacing that falls flat.,negative
"I would not watch this flick again because the acting, atmosphere, and humor were all remarkably confusing.",negative
Absolutely clumsy flick.,negative
"This flick is beautifully shot and wonderfully acted, with touching dialogue, impressive soundtrack, and a deeply wonderful humor.",positive
This movie was boring and very dreadful.,negative
Absolutely superb film.,positive
Such a messy picture with poor humor.,negative
Absolutely flat flick.,negative
"From the clever opening scene to the masterful ending, this film kept me completely engaged with its humor.",positive
Absolutely delightful film.,positive
The ending was gripping and the visuals kept me engaged the entire time.,positive
Bad narrative overall.,negative
The acting and direction were both dull.,negative
Entertaining picture!,positive
"Brilliant performance, loved it.",positive
Such a shallow picture with poor direction.,negative
"I would watch this picture again because the cinematography, acting, and cinematography were all remarkably outstanding.",positive
Truly bland movie.,negative
Stunning movie!,positive
I would not recommend this film since the performance and atmosphere were slow throughout.,negative
Such a flat movie with poor script.,negative
The humor and cast were both overrated.,negative
"A flat flick, painfully slow and boring.",negative
Absolutely weak picture.,negative
This flick was slow and very disappointing.,negative
Absolutely gripping movie.,positive
"I would watch this flick again because the soundtrack, ending, and chemistry were all remarkably great.",positive
"This film is beautifully shot and wonderfully acted, with brilliant visuals, stunning screenplay, and a deeply flawless soundtrack.",positive
I would not recommend this film since the screenplay and soundtrack were dull throughout.,negative
I admired this picture because the soundtrack and pacing were both wonderful.,positive
Absolutely fantastic picture.,positive
So sloppy and dull.,negative
"From the inspiring opening scene to the impressive ending, this picture kept me completely engaged with its plot.",positive
"Every scene in this movie felt stunning, with inspiring direction and cast.",positive
I absolutely hated this film because the soundtrack was weak and the script felt genuinely boring from start to finish.,negative
I highly recommend this movie since the acting and direction were flawless throughout.,positive
Such a flawless flick with great narrative.,positive
Such a dreadful flick with poor script.,negative
Great ending overall.,positive
I appreciated the atmosphere and the script.,positive
"This movie is one of the worst films I've seen, with terrible visuals, cringeworthy dialogue, and a deeply weak plot.",negative
Absolutely dreadful film.,negative
Absolutely laughable picture.,negative
This is a incredible movie with fantastic cinematography and a truly delightful script.,positive
"From the awful opening scene to the overrated ending, this picture lost me completely with its chemistry.",negative
This is a moving picture with charming cast and a truly enjoyable pacing.,positive
I couldn't stand this movie because the direction and chemistry were both flat.,negative
An masterful flick featuring entertaining visuals and a genuinely gripping pacing.,positive
The script was hilarious and the humor kept me engaged the entire time.,positive
This is a charming film with masterful script and a truly captivating pacing.,positive
"I would watch this picture again because the atmosphere, screenplay, and soundtrack were all remarkably outstanding.",positive
I adored the story and the chemistry.,positive
Absolutely disappointing picture.,negative
A uninspired picture with soundtrack that falls flat.,negative
The humor and cinematography were both amazing.,positive
Truly wonderful film.,positive
"The direction was unbearable, ruining the whole picture.",negative
This film was messy and very dull.,negative
Bad atmosphere overall.,negative
"From the entertaining opening scene to the powerful ending, this movie kept me completely engaged with its dialogue.",positive
So unbearable and dull.,negative
"The script was heartwarming, making the film unforgettable.",positive
"A forgettable picture, hard to sit through.",negative
I appreciated it!,positive
"This flick is one of the best films I've seen, with engaging soundtrack, outstanding pacing, and a deeply impressive soundtrack.",positive
"The dialogue was lifeless, ruining the whole picture.",negative
I adored this flick because the humor and performance were both inspiring.,positive
I highly recommend this film since the script and humor were excellent throughout.,positive
"Weak soundtrack, hated it.",negative
The performance was clumsy and the screenplay made it hard to stay interested.,negative
"I would not watch this film again because the direction, script, and plot were all remarkably overrated.",negative
So enjoyable and fun.,positive
I was bored by this flick because the soundtrack and screenplay were both cringeworthy.,negative
Truly amazing picture.,positive
I would not recommend this picture since the ending and visuals were slow throughout.,negative
A uninspired flick featuring bland soundtrack and a genuinely awful narrative.,negative
I appreciated this flick because the screenplay and chemistry were both hilarious.,positive
The soundtrack and cast were both unbearable.,negative
"A powerful movie, one of the best films I've seen.",positive
"I would not watch this picture again because the soundtrack, script, and cast were all remarkably uninspired.",negative
So excellent and fun.,positive
Absolutely enjoyable movie.,positive
"I would not watch this picture again because the soundtrack, cast, and soundtrack were all remarkably flat.",negative
An wonderful film featuring engaging plot and a genuinely masterful acting.,positive
"Cringeworthy performance, hated it.",negative
"Fantastic ending, loved it.",positive
A weak film featuring dull atmosphere and a genuinely disappointing plot.,negative
I adored this movie because the script and humor were both outstanding.,positive
"A laughable film, an utter letdown.",negative
I would not recommend this picture since the cast and cinematography were clumsy throughout.,negative
A boring film featuring weak plot and a genuinely cheesy dialogue.,negative
I would not recommend this movie since the dialogue and pacing were cheesy throughout.,negative
Clumsy film.,negative
I hated this film because the direction and dialogue were both tedious.,negative
Truly forgettable movie.,negative
I couldn't stand this flick because the plot and dialogue were both cheesy.,negative
I admired this flick because the dialogue and cinematography were both amazing.,positive
Truly great picture.,positive
Such a fantastic picture with great chemistry.,positive
"The narrative was annoying, the visuals was overrated, and overall this picture fell far short of expectations.",negative
Absolutely lifeless picture.,negative
"The cast was overrated, the ending was laughable, and overall this movie fell far short of expectations.",negative
"Beautiful atmosphere, loved it.",positive
"I would watch this flick again because the story, acting, and atmosphere were all remarkably charming.",positive
Such a memorable picture with great pacing.,positive
"The humor was laughable, the story was slow, and overall this picture fell far short of expectations.",negative
Truly cringeworthy film.,negative
"Cheesy atmosphere, hated it.",negative
"This picture is a true masterpiece, with stunning direction, fantastic pacing, and a deeply amazing ending.",positive
"The screenplay was wonderful, the plot was engaging, and overall this picture exceeded every expectation I had.",positive
An thrilling flick featuring fantastic script and a genuinely amazing pacing.,positive
"Every scene in this film felt fantastic, with entertaining ending and story.",positive
Messy picture.,negative
Flat picture.,negative
I absolutely appreciated this film because the pacing was memorable and the acting felt genuinely touching from start to finish.,positive
The soundtrack was weak and the soundtrack made it hard to stay interested.,negative
This is a confusing picture with awful screenplay and a truly messy story.,negative
Such a entertaining film with great acting.,positive
Such a moving flick with great dialogue.,positive
I would not recommend this flick since the cinematography and narrative were slow throughout.,negative
"Every scene in this picture felt unbearable, with shallow cinematography and visuals.",negative
I was bored by this picture because the acting and dialogue were both overrated.,negative
So dull and dull.,negative
"From the cheesy opening scene to the flat ending, this picture lost me completely with its story.",negative
Unbearable picture.,negative
"Every scene in this film felt delightful, with touching cast and dialogue.",positive
Cringeworthy picture.,negative
"From the terrible opening scene to the dull ending, this picture lost me completely with its acting.",negative
"Charming ending, loved it.",positive
"The performance was captivating, the chemistry was charming, and overall this film exceeded every expectation I had.",positive
Such a entertaining film with great narrative.,positive
So terrible and dull.,negative
Bad story overall.,negative
Truly entertaining flick.,positive
This is a moving flick with delightful cast and a truly charming pacing.,positive
This is a hilarious movie with hilarious soundtrack and a truly touching soundtrack.,positive
"From the wonderful opening scene to the inspiring ending, this movie kept me completely engaged with its direction.",positive
I would not recommend this flick since the plot and humor were bland throughout.,negative
The pacing was fantastic and the direction kept me engaged the entire time.,positive
"Flawless script, loved it.",positive
"Inspiring cinematography, loved it.",positive
Brilliant film!,positive
So inspiring and fun.,positive
So mediocre and dull.,negative
I loved this film because the chemistry and script were both incredible.,positive
"I would not watch this movie again because the direction, plot, and pacing were all remarkably sloppy.",negative
"From the tedious opening scene to the confusing ending, this picture lost me completely with its soundtrack.",negative
"Amazing atmosphere, loved it.",positive
Shallow film.,negative
"I would not watch this picture again because the plot, direction, and chemistry were all remarkably weak.",negative
A beautiful flick with pacing that truly shines.,positive
"I would not watch this movie again because the narrative, chemistry, and cinematography were all remarkably confusing.",negative
"The soundtrack was enjoyable, the direction was touching, and overall this picture exceeded every expectation I had.",positive
The humor and atmosphere were both mediocre.,negative
Absolutely excellent film.,positive
"Bland direction, hated it.",negative
"This picture is an absolute triumph of storytelling, with thrilling atmosphere, amazing performance, and a deeply wonderful cast.",positive
"This flick is a perfect blend of emotion and humor, with excellent atmosphere, gripping visuals, and a deeply fantastic acting.",positive
Hilarious picture!,positive
This is a moving picture with captivating pacing and a truly heartwarming screenplay.,positive
I would not recommend this movie since the dialogue and humor were painful throughout.,negative
"Tedious chemistry, hated it.",negative
Such a flawless movie with great atmosphere.,positive
This picture was cringeworthy and very messy.,negative
"Every scene in this film felt hilarious, with flawless cinematography and atmosphere.",positive
I would not recommend this movie since the chemistry and chemistry were weak throughout.,negative
Bad chemistry overall.,negative
Such a unbearable film with poor atmosphere.,negative
"The visuals was pointless, the narrative was dull, and overall this movie fell far short of expectations.",negative
"I would not watch this film again because the performance, dialogue, and story were all remarkably mediocre.",negative
Such a hilarious flick with great acting.,positive
I was bored by the direction and the cast.,negative
Absolutely boring flick.,negative
"The pacing was laughable, ruining the whole picture.",negative
"Every scene in this picture felt forgettable, with awful visuals and cast.",negative
Truly hollow film.,negative
"Every scene in this flick felt disappointing, with terrible script and cast.",negative
"From the awful opening scene to the bland ending, this picture lost me completely with its acting.",negative
Bad performance overall.,negative
A clumsy flick with cinematography that falls flat.,negative
I enjoyed the direction and the pacing.,positive
I regretted watching this picture because the soundtrack and pacing were both sloppy.,negative
A terrible picture featuring cheesy plot and a genuinely disappointing humor.,negative
This is a awful picture with lifeless narrative and a truly laughable plot.,negative
This is a forgettable movie with dreadful cinematography and a truly weak atmosphere.,negative
"I would watch this picture again because the chemistry, narrative, and acting were all remarkably incredible.",positive
The chemistry and screenplay were both thrilling.,positive
This is a thrilling picture with entertaining screenplay and a truly excellent cast.,positive
Bad dialogue overall.,negative
"I would not watch this picture again because the ending, story, and soundtrack were all remarkably slow.",negative
"I would watch this flick again because the atmosphere, acting, and narrative were all remarkably flawless.",positive
"This film is a must watch, with captivating soundtrack, great cinematography, and a deeply powerful direction.",positive
Painful picture.,negative
I appreciated this film because the plot and cinematography were both impressive.,positive
Absolutely beautiful picture.,positive
I absolutely admired this film because the visuals was amazing and the pacing felt genuinely flawless from start to finish.,positive
Absolutely masterful picture.,positive
This movie was clever and very brilliant.,positive
A painful picture with plot that falls flat.,negative
Such a mediocre flick with poor humor.,negative
Truly confusing film.,negative
"This flick is a must watch, with great soundtrack, touching cast, and a deeply great acting.",positive
Great direction overall.,positive
"From the outstanding opening scene to the great ending, this flick kept me completely engaged with its cast.",positive
Such a predictable movie with poor story.,negative
Absolutely terrible movie.,negative
"This picture is painfully slow and boring, with overrated acting, shallow pacing, and a deeply painful direction.",negative
"This film is an utter letdown, with pointless story, hollow screenplay, and a deeply uninspired soundtrack.",negative
I highly recommend this film since the ending and ending were outstanding throughout.,positive
"The humor was beautiful, making the flick unforgettable.",positive
A hollow film featuring slow performance and a genuinely forgettable story.,negative
Absolutely disappointing movie.,negative
The screenplay was entertaining and the ending kept me engaged the entire time.,positive
A overrated movie with narrative that falls flat.,negative
An brilliant film featuring brilliant performance and a genuinely charming cast.,positive
Bad screenplay overall.,negative
Such a pointless film with poor dialogue.,negative
So dreadful and dull.,negative
Slow film.,negative
"The dialogue was disappointing, the pacing was cringeworthy, and overall this film fell far short of expectations.",negative
"Hilarious story, loved it.",positive
The humor and performance were both fantastic.,positive
This picture was masterful and very touching.,positive
A annoying flick featuring tedious visuals and a genuinely disappointing soundtrack.,negative
I absolutely adored this picture because the narrative was entertaining and the dialogue felt genuinely hilarious from start to finish.,positive
I absolutely admired this flick because the atmosphere was enjoyable and the chemistry felt genuinely outstanding from start to finish.,positive
Charming flick!,positive
The atmosphere was annoying and the script made it hard to stay interested.,negative
The script was flawless and the script kept me engaged the entire time.,positive
"Boring performance, hated it.",negative
I highly recommend this flick since the soundtrack and atmosphere were heartwarming throughout.,positive
The performance was charming and the story kept me engaged the entire time.,positive
A dull movie with humor that falls flat.,negative
This film was flawless and very stunning.,positive
"From the heartwarming opening scene to the clever ending, this picture kept me completely engaged with its visuals.",positive
The performance and cinematography were both sloppy.,negative
Truly excellent film.,positive
I highly recommend this film since the direction and performance were gripping throughout.,positive
So weak and dull.,negative
I would not recommend this picture since the cast and pacing were dull throughout.,negative
This film was enjoyable and very wonderful.,positive
"A delightful movie, beautifully shot and wonderfully acted.",positive
I appreciated the direction and the direction.,positive
"Impressive screenplay, loved it.",positive
Touching flick!,positive
"Mediocre narrative, hated it.",negative
A slow movie with ending that falls flat.,negative
I absolutely loved this movie because the ending was masterful and the acting felt genuinely touching from start to finish.,positive
I admired the dialogue and the pacing.,positive
"I would not watch this movie again because the humor, ending, and plot were all remarkably cringeworthy.",negative
"The plot was excellent, the dialogue was impressive, and overall this movie exceeded every expectation I had.",positive
"This flick is a perfect blend of emotion and humor, with clever chemistry, clever acting, and a deeply great cast.",positive
"The pacing was outstanding, making the film unforgettable.",positive
Truly unbearable flick.,negative
This is a engaging film with incredible story and a truly brilliant chemistry.,positive
"A lifeless film, an utter letdown.",negative
I absolutely adored this film because the visuals was hilarious and the narrative felt genuinely powerful from start to finish.,positive
This flick was boring and very sloppy.,negative
Captivating flick!,positive
I absolutely disliked this picture because the narrative was shallow and the story felt genuinely flat from start to finish.,negative
This is a mediocre flick with pointless cinematography and a truly uninspired cast.,negative
Bad direction overall.,negative
"The direction was outstanding, making the movie unforgettable.",positive
"From the disappointing opening scene to the sloppy ending, this picture lost me completely with its pacing.",negative
I hated it.,negative
"The humor was laughable, ruining the whole flick.",negative
Truly mediocre film.,negative
"From the fantastic opening scene to the excellent ending, this flick kept me completely engaged with its pacing.",positive
"This movie is hard to sit through, with terrible script, lifeless direction, and a deeply confusing pacing.",negative
The pacing and story were both tedious.,negative
Truly delightful film.,positive
Messy movie.,negative
"Touching screenplay, loved it.",positive
"I would watch this picture again because the plot, pacing, and narrative were all remarkably impressive.",positive
"The cinematography was memorable, the pacing was delightful, and overall this movie exceeded every expectation I had.",positive
Such a overrated picture with poor pacing.,negative
"I would not watch this flick again because the soundtrack, direction, and soundtrack were all remarkably confusing.",negative
"This film is a must watch, with fantastic humor, great acting, and a deeply wonderful performance.",positive
"Clever visuals, loved it.",positive
"From the clever opening scene to the great ending, this flick kept me completely engaged with its script.",positive
"A clumsy movie, badly acted and poorly directed.",negative
"Overrated ending, hated it.",negative
A unbearable film featuring bland plot and a genuinely shallow direction.,negative
I adored the plot and the atmosphere.,positive
The ending was terrible and the script made it hard to stay interested.,negative
"This picture is one of the worst films I've seen, with bland narrative, shallow soundtrack, and a deeply disappointing story.",negative
"From the hilarious opening scene to the entertaining ending, this flick kept me completely engaged with its pacing.",positive
"The ending was overrated, the screenplay was dreadful, and overall this film fell far short of expectations.",negative
This is a stunning movie with charming cinematography and a truly powerful cinematography.,positive
"Every scene in this flick felt beautiful, with gripping script and acting.",positive
So brilliant and fun.,positive
This is a gripping flick with impressive pacing and a truly entertaining performance.,positive
I absolutely hated this film because the ending was cheesy and the soundtrack felt genuinely hollow from start to finish.,negative
I absolutely admired this movie because the story was clever and the soundtrack felt genuinely superb from start to finish.,positive
The plot and narrative were both entertaining.,positive
Truly clumsy movie.,negative
Flat film.,negative
"The direction was thrilling, the cast was wonderful, and overall this film exceeded every expectation I had.",positive
"This flick is a mess of a story, with flat performance, awful visuals, and a deeply flat chemistry.",negative
"The acting was predictable, ruining the whole film.",negative
I absolutely appreciated this picture because the acting was inspiring and the story felt genuinely flawless from start to finish.,positive
I disliked the humor and the cinematography.,negative
I highly recommend this movie since the cinematography and ending were enjoyable throughout.,positive
"I would watch this movie again because the performance, screenplay, and visuals were all remarkably entertaining.",positive
"The narrative was impressive, the plot was outstanding, and overall this flick exceeded every expectation I had.",positive
The screenplay was annoying and the atmosphere made it hard to stay interested.,negative
Such a messy picture with poor acting.,negative
A boring picture featuring messy visuals and a genuinely sloppy visuals.,negative
So awful and dull.,negative
A annoying movie with chemistry that falls flat.,negative
I would not recommend this flick since the story and dialogue were laughable throughout.,negative
An stunning movie featuring flawless chemistry and a genuinely entertaining dialogue.,positive
Absolutely great film.,positive
I disliked this picture because the dialogue and visuals were both forgettable.,negative
"The dialogue was heartwarming, making the movie unforgettable.",positive
"A slow flick, poorly written from beginning to end.",negative
I would not recommend this flick since the chemistry and humor were disappointing throughout.,negative
"A touching picture, worth every minute.",positive
"From the annoying opening scene to the tedious ending, this flick lost me completely with its acting.",negative
"I would watch this flick again because the chemistry, direction, and cinematography were all remarkably charming.",positive
I absolutely loved this picture because the chemistry was hilarious and the visuals felt genuinely charming from start to finish.,positive
I hated this movie because the chemistry and performance were both sloppy.,negative
I absolutely enjoyed this film because the acting was beautiful and the narrative felt genuinely heartwarming from start to finish.,positive
"Every scene in this film felt hollow, with uninspired plot and pacing.",negative
"This movie is a true masterpiece, with touching performance, memorable atmosphere, and a deeply brilliant cinematography.",positive
This is a dreadful picture with hollow screenplay and a truly dreadful narrative.,negative
The story and ending were both masterful.,positive
"The soundtrack was boring, the cinematography was dreadful, and overall this movie fell far short of expectations.",negative
"I would watch this flick again because the humor, acting, and dialogue were all remarkably gripping.",positive
An superb movie featuring outstanding dialogue and a genuinely amazing acting.,positive
This picture was engaging and very enjoyable.,positive
"From the bland opening scene to the lifeless ending, this flick lost me completely with its cinematography.",negative
I absolutely adored this movie because the performance was outstanding and the humor felt genuinely heartwarming from start to finish.,positive
A stunning film with chemistry that truly shines.,positive
"The story was predictable, the script was uninspired, and overall this movie fell far short of expectations.",negative
"Every scene in this film felt hollow, with cheesy script and performance.",negative
Absolutely inspiring film.,positive
I loved this flick because the cinematography and direction were both delightful.,positive
"Stunning acting, loved it.",positive
I disliked the dialogue and the direction.,negative
A unbearable flick with script that falls flat.,negative
Absolutely memorable flick.,positive
"Every scene in this flick felt flawless, with touching performance and soundtrack.",positive
So captivating and fun.,positive
A charming film with dialogue that truly shines.,positive
Absolutely confusing film.,negative
Absolutely touching picture.,positive
Bad soundtrack overall.,negative
"I would watch this picture again because the dialogue, pacing, and direction were all remarkably memorable.",positive
"I would not watch this picture again because the acting, cinematography, and screenplay were all remarkably dreadful.",negative
A bland movie with ending that falls flat.,negative
"Painful story, hated it.",negative
"The humor was wonderful, the humor was engaging, and overall this film exceeded every expectation I had.",positive
A confusing movie featuring annoying humor and a genuinely dull script.,negative
"The cinematography was captivating, making the film unforgettable.",positive
"The script was laughable, ruining the whole film.",negative
Truly engaging film.,positive
This film was hilarious and very delightful.,positive
"A cringeworthy film, a total disappointment.",negative
Great humor overall.,positive
"Every scene in this picture felt weak, with boring visuals and pacing.",negative
This picture was clumsy and very boring.,negative
"I would not watch this flick again because the acting, atmosphere, and story were all remarkably lifeless.",negative
"Mediocre performance, hated it.",negative
Truly memorable flick.,positive
The screenplay and pacing were both gripping.,positive
"Every scene in this movie felt touching, with excellent screenplay and humor.",positive
"Every scene in this movie felt memorable, with enjoyable plot and acting.",positive
Hilarious film!,positive
Such a predictable picture with poor visuals.,negative
So disappointing and dull.,negative
"The acting was clumsy, the ending was boring, and overall this flick fell far short of expectations.",negative
"The plot was great, the chemistry was impressive, and overall this film exceeded every expectation I had.",positive
So incredible and fun.,positive
A awful flick with atmosphere that falls flat.,negative
A painful film with ending that falls flat.,negative
I absolutely adored this movie because the soundtrack was moving and the acting felt genuinely touching from start to finish.,positive
"From the predictable opening scene to the tedious ending, this film lost me completely with its script.",negative
The direction and ending were both fantastic.,positive
"The dialogue was boring, the screenplay was dull, and overall this movie fell far short of expectations.",negative
I disliked it.,negative
A pointless flick with atmosphere that falls flat.,negative
This is a confusing flick with disappointing humor and a truly sloppy chemistry.,negative
"The ending was messy, the dialogue was boring, and overall this flick fell far short of expectations.",negative
"A weak movie, an utter letdown.",negative
The visuals and ending were both sloppy.,negative
"From the annoying opening scene to the predictable ending, this flick lost me completely with its chemistry.",negative
"Fantastic movie with strong characters, great dialogue, and an emotional storyline.",positive
A terrible movie with a boring story and extremely weak performances from everyone involved.,negative
"The movie was dull, predictable, and filled with moments that made me want to stop watching.",negative
"Excellent movie with a clever story, strong acting, and a satisfying conclusion.",positive
I highly recommend this movie because the story and acting were both excellent.,positive
I absolutely loved the characters and thought the story was wonderfully written.,positive
"Amazing film with great acting, beautiful scenes, and a very satisfying ending.",positive
This is a great film with impressive acting and a story worth watching.,positive